language-name,"English (United States)",Afrikaans,العربية,Беларускія,български,català,中文（简体）,中文（繁體）,hrvatski,čeština,Dansk,Nederlands,"English (United States)",eesti,Pilipino,suomalainen,français,Deutsch,ελληνικά,עברית,हिंदी,magyar,italiano,日本人,한국의,Latvijas,Lietuvos,Melayu,Norsk,فارسی,polski,"Português (Brasil)","Português (Portugal)",român,русский,српски,Slovenský,slovenščina,"Español (España)","Español (Estados Unidos)",Kiswahili,svensk,ภาษาไทย,Türk,Український,Việt
language-key,en-us,af,ar,be,bg,ca,zh-cn,zh-tw,hr,cs-cz,da-dk,nl-nl,en-us,et,fil,fi-fi,fr-fr,de-de,el-gr,iw-il,hi-in,hu-hu,it-it,ja-jp,ko-kr,lv,lt,ms,no-no,fa,pl-pl,pt-br,pt-pt,ro,ru-ru,sr,sk,sl,es-es,es-us,sw,sv-se,th,tr-tr,uk,vi
language-native-name,"English (United States)",Afrikaans,Arabic,Belarusian,Bulgarian,Catalan,"Chinese (Simplified)","Chinese (Traditional)",Croatian,Czech,Danish,Dutch,"English (United States)",Estonian,Filipino,Finnish,French,German,Greek,Hebrew,Hindi,Hungarian,Italian,Japanese,"Korean (South Korea)",Latvian,Lithuanian,Malay,Norwegian,Persian,Polish,"Portuguese (Brazil)","Portuguese (Portugal)",Romanian,Russian,Serbian,Slovak,Slovenian,"Spanish (Spain)","Spanish (United States)",Swahili,Swedish,Thai,Turkish,Ukrainian,Vietnamese
title-function,Function,funksie,وظيفة,функцыя,функция,Funció,功能,功能,funkcija,funkce,funktion,functie,Function,funktsioon,tungkulin,toiminto,fonction,Aufgabe,λειτουργία,פונקציה,समारोह,funkció,funzione,機能,기능,funkcija,funkcija,fungsi,funksjon,تابع,funkcja,função,função,funcție,функция,функција,funkcie,funkcija,función,función,kazi,Funktion,ฟังก์ชัน,fonksiyon,функція,"chức năng"
pri-equation,Equation:,vergelyking:,المعادلة:,раўнанне:,Формула:,Equació:,公式：,公式：,Jednadžba:,Rovnice:,ligning:,vergelijking:,Equation:,Valem:,equation:,yhtälöstä:,Equation:,Gleichung:,εξίσωση:,משוואה:,समीकरण:,egyenlet:,equazione:,方程式：,"식 :",vienādojums:,Lygtis:,persamaan:,ligning:,معادله:,równanie:,equação:,equação:,ecuația:,Уравнение:,Једначина:,rovnica:,enačba:,Ecuación:,Ecuación:,equation:,ekvation:,สมการ:,denklem:,рівняння:,"phương trình:"
sec-equation,"A function of x","N funksie van x","وثمة وظيفة من X","Функцыя X","Функция на х","Una funció de x",x的函数,x的函數,"Funkcija x","Funkce x","En funktion af x","Een functie van x","A function of x","Funktsioon x","Ang isang pag-andar ng x","Funktio x","Une fonction de x","Eine Funktion von x","Μια συνάρτηση του x","פונקציה של X","एक्स के एक समारोह","Függvénye x","Una funzione di x",xの関数,"X의 기능","Funkcija x","X funkcija","Satu fungsi x","En funksjon av x","تابع از x","X funkcji","A função de x","A função de x","O funcție de x","Функция X","Функција од к","Funkcia x","Funkcija x","Una función de x","Una función de x","Kazi ya x","En funktion av x","ฟังก์ชั่นของ x","X'in bir fonksiyonu","Функція X","Một chức năng của x"
pri-color,Color:,kleur:,اللون:,колер:,Цвят:,Color:,颜色：,顏色：,Boja:,Barva:,farve:,Kleur:,Color:,Värvus:,kulay:,väri:,Couleur:,Farbe:,Χρώμα:,צבע:,रंग:,Szín:,Colore:,色：,"색상 :",krāsa:,spalva:,warna:,farge:,رنگ:,Kolor:,Cor:,Cor:,culoare:,Цвет:,Боја:,farba:,Barva:,color:,color:,Michezo:,Färg:,สี:,renk:,колір:,"màu sắc:"
sec-equation-color,"Which color the function should be drawn with","Watter kleur die funksie moet opgestel word met","أي لون وينبغي وضع وظيفة مع","Які колер функцыі варта рабіць з","Кой цвят на функцията трябва да бъде изготвен с","Quin color de la funció ha de ser dibuixada amb",哪种颜色的功能，应绘制,哪種顏色的功能，應繪製,"Koju boju funkcija treba biti izvučeni s","Jaká barva funkce by měly být vypracovány s","Hvilken farve funktionen bør udarbejdes med","Welke kleur de functie moet worden getrokken met","Which color the function should be drawn with","Milline värv funktsioon tuleb välja koos","Aling kulay ang function ay dapat iguguhit na may","Mikä väri toiminta on piirretty","Quelle est la couleur la fonction doit être établi avec","Welche Farbe sollte die Funktion mit gezogen werden","Ποιο χρώμα η λειτουργία θα πρέπει να γίνει με","איזה צבע צריך להיות נמשך לתפקד עם","समारोह के साथ तैयार किया जाना चाहिए जो रंग","Milyen színű a funkciót kell levonni","Di che colore la funzione dovrebbe essere disegnata",機能で描画されるべきである色,"기능으로 그려되어야하는 색상","Kura krāsa funkcija jāizstrādā ar","Kokios spalvos funkcija turi būti sudarytas su","Yang warna fungsi perlu dibuat dengan","Hvilken farge funksjonen bør trekkes med","کدام رنگ تابع باید با کشیده","Który kolor funkcja powinna być narysowany","Qual a cor da função deve ser elaborado com","Qual a cor da função deve ser elaborado com","Ce culoare funcția ar trebui să fie elaborate cu","Какой цвет функции следует делать с","Коју боју функцију треба нацртати","Aká farba funkcie by mali byť vypracované s","Katera barva se funkcija vlečejo s","¿Qué color de la función debe ser dibujada con","¿Qué color de la función debe ser dibujada con","Ambayo rangi kazi lazima inayotolewa na","Vilken färg funktionen ska ritas med",ซึ่งฟังก์ชั่นสีควรจะวาดด้วย,"Fonksiyonu ile çizilmelidir hangi renk","Який колір функції слід робити з","Mà màu sắc chức năng nên được rút ra với"
opt-red,red,rooi,أحمر,чырвоны,червен,vermell,红色,紅色,crven,červený,red,rood,red,punane,pula,punainen,rouge,red,κόκκινος,אדום,लाल,piros,rosso,赤,빨강,sarkans,raudonas,merah,red,قرمز,czerwony,vermelho,vermelho,roșu,красный,црвен,červený,rdeča,rojo,rojo,nyekundu,röd,สีแดง,kırmızı,червоний,đỏ
opt-orange,orange,oranje,البرتقالي,аранжавы,портокал,taronja,橙,橙,naranča,oranžový,appelsin,oranje,orange,oranž,kahel,oranssi,d'orange,Orange,πορτοκάλι,תפוז,नारंगी,narancs,arancione,オレンジ,오렌지,oranžs,oranžinis,oren,orange,نارنجی,pomarańczowy,laranja,laranja,portocaliu,оранжевый,поморанџа,oranžový,oranžna,naranja,naranja,machungwa,apelsin,สีส้ม,turuncu,помаранчевий,cam
opt-yellow,yellow,geel,أصفر,жоўты,жълт,groc,黄色,黃色,žut,žlutý,gul,geel,yellow,kollane,dilaw,keltainen,jaune,gelb,κίτρινος,צהוב,पीला,sárga,giallo,黄色,황색,dzeltens,geltonas,kuning,gul,زرد,żółty,amarelo,amarelo,galben,желтый,жут,žltý,rumena,amarillo,amarillo,njano,gul,สีเหลือง,sarı,жовтий,vàng
opt-lime,lime,kalk,كلس,вапна,вар,calç,石灰,石灰,vapno,vápno,lime,kalk,lime,lubi,apog,kalkki,lime,Kalk,ασβέστης,סיד,चूना,lime,calce,ライム,석회,kaļķi,kalkės,limau,lime,اهک,wapno,cal,cal,var,известь,креч,vápno,apno,cal,cal,chokaa,lime,มะนาว,kireç,вапно,vôi
opt-green,green,groen,أخضر,зялёны,зелен,verd,绿色,綠色,zelen,zelený,grøn,groen,green,roheline,berde,vihreä,vert,grün,πράσινος,ירוק,ग्रीन,zöld,verde,緑,녹색,zaļš,žalias,hijau,grønn,سبز,zielony,verde,verde,verde,зеленый,зелен,zelený,zelena,verde,verde,kijani,grön,สีเขียว,yeşil,зелений,xanh
opt-aqua,aqua,Aqua,اكوا,вада,аква,aigua,旱厕,旱廁,vodeni,aqua,aqua,aqua,aqua,vesi,aqua,aqua,d'aqua,aqua,aqua,אקווה,एक्वा,aqua,aqua,アクア,아쿠아,aqua,vandens,aqua,aqua,اب,turkusowy,água,água,apă,вода,Акуа,aqua,aqua,agua,agua,aqua,aqua,น้ำ,su,вода,"thủy sản"
opt-blue,blue,blou,أزرق,сіні,син,blau,蓝色,藍色,plav,modrý,blå,blauw,blue,sinine,asul,sininen,bleu,blau,μπλε,כחול,नीला,kék,blu,青,푸른,zils,mėlynas,biru,blå,ابی,niebieski,azul,azul,albastru,синий,плава,modrý,modra,azul,azul,bluu,blå,สีน้ำเงิน,mavi,синій,"màu xanh"
opt-purple,purple,pers,أرجواني,фіялетавы,пурпурен,porpra,紫色,紫色,"ljubičasta boja",nachový,lilla,purper,purple,purpurne,lila,violetti,pourpre,lila,μωβ,סגול,बैंगनी,lila,viola,紫,자,purpurs,purpurinis,ungu,lilla,"رنگ ارغوانی",purpurowy,roxo,roxo,purpuriu,фиолетовый,љубичаста,purpurový,vijolična,púrpura,púrpura,zambarau,lila,สีม่วง,mor,фіолетовий,"màu tím"
opt-brown,brown,bruin,أسمر,карычневы,кафяв,marró,棕色,棕色,braon,hnědý,brun,bruin,brown,pruun,kayumanggi,ruskea,brun,braun,καφέ,חום,ब्राउन,barna,rosolare,ブラウン,갈색,brūns,rudas,coklat,brun,قهوهای,brązowy,marrom,marrom,maro,коричневый,браон,hnedý,rjava,marrón,marrón,kahawia,brun,สีน้ำตาล,kahverengi,коричневий,nâu
opt-black,black,swart,أسود,чорны,черен,negre,黑色,黑色,crn,černý,black,zwart,black,must,itim,musta,noir,schwarz,μαύρος,שחור,काला,fekete,nero,黒,검정,melns,juodas,hitam,svart,سیاه,czarny,preto,preto,negru,черный,црн,čierny,črna,negro,negro,nyeusi,svart,สีดำ,siyah,чорний,đen
opt-grey,grey,grys,رمادي,шэры,сив,gris,灰色,灰色,"sive boje",šedá,grå,grijs,grey,hall,kulay-abo,harmaa,gris,grau,γκρί,אפור,ग्रे,szürke,grigio,グレー,회색,pelēks,pilkas,kelabu,grå,خاکستری,szary,cinza,cinza,gri,серый,сив,šedá,siva,gris,gris,kijivu,grå,สีเทา,gri,сірий,"màu xám"
opt-white,white,wit,أبيض,белы,бял,blanc,白,白,bijel,bílý,hvid,wit,white,valge,puti,valkoinen,blanc,weiß,λευκό,לבן,सफ़ेद,fehér,bianco,白,화이트,balts,baltas,putih,hvit,سفید,biały,branco,branco,alb,белый,бео,biely,bela,blanco,blanco,nyeupe,vit,ขาว,beyaz,білий,trắng
pri-alpha,Opacity:,ondeursigtigheid:,ألفا:,непразрыстасць:,непрозрачност:,Opacitat:,不透明度：,不透明度：,Neprozirnosti:,Krytí:,opacitet:,Dekking:,Opacity:,läbipaistmatus:,opacity:,Peittävyys:,opacité:,Deckkraft:,Αδιαφάνεια:,אטימות:,अस्पष्टता:,Átlátszatlanság:,opacità:,不透明度：,"불투명도 :",necaurredzamība:,Skaidrumas:,kelegapan:,opacity:,تاری:,Krycie:,opacidade:,opacidade:,opacitate:,Непрозрачность:,Опацити:,krytie:,motnost:,Opacidad:,Opacidad:,opacity:,Opacitet:,ความทึบ:,Saydamlık:,непрозорість:,Opacity:
sec-alpha,"From 0 (transparent) to 100 (opaque)","Van 0 (deursigtige) tot 100 (ondeursigtig)","من 0 (شفاف) إلى 100 (مبهمة)","Ад 0 (празрысты) да 100 (непразрысты)","От 0 (прозрачни) до 100 (непрозрачна)","A partir de 0 (transparent) a 100 (opac)",从0（透明）到100（不透明）,從0（透明）到100（不透明）,"Od 0 (prozirna) do 100 (neprozirni)","Od 0 (průhledná) do 100 (neprůhledná)","Fra 0 (gennemsigtig) til 100 (uigennemsigtig)","Van 0 (transparant) tot 100 (ondoorzichtig)","From 0 (transparent) to 100 (opaque)","0 (läbipaistev) kuni 100 (läbipaistmatu)","Mula 0 (transparent) sa 100 (opaque)","0 (läpinäkyvä) ja 100 (läpinäkymätön)","De 0 (transparent) à 100 (opaque)","Von 0 (transparent) bis 100 (undurchsichtig)","Από 0 (διαφανές) έως 100 (αδιαφανές)","בין 0 (שקוף) ל -100 (אטום)","0 (पारदर्शी) से 100 (अपारदर्शी) को","0-tól (átlátszó) és 100 (nem átlátszó)","Da 0 (trasparente) a 100 (opaco)",0（透明）から100（不透明）へ,"0 (투명)에서 100 (불투명)","No 0 (caurspīdīgs) līdz 100 (necaurspīdīgs)","Nuo 0 (skaidri) iki 100 (nepermatomos)","Dari 0 (telus) kepada 100 (kabur)","Fra 0 (gjennomsiktig) til 100 (ugjennomsiktig)","از 0 (شفاف) تا 100 (مات)","Od 0 (przezroczyste) do 100 (nieprzezroczysta)","De 0 (transparente) a 100 (opaco)","De 0 (transparente) a 100 (opaco)","De la 0 (transparente) și 100 (opac)","От 0 (прозрачный) до 100 (непрозрачный)","Од 0 (транспарентна) до 100 (непрозирна)","Od 0 (priehľadná) do 100 (nepriehľadná)","Od 0 (transparentna) do 100 (nepregledna)","A partir de 0 (transparente) a 100 (opaco)","A partir de 0 (transparente) a 100 (opaco)","Kutoka 0 (uwazi) hadi 100 (kiza)","Från 0 (genomskinlig) till 100 (ogenomskinligt)","ตั้งแต่ 0 (โปร่งใส) ถึง 100 (ทึบแสง)","0 (saydam) 100 (opak)","Від 0 (прозорий) до 100 (непрозорий)","Từ 0 (trong suốt) đến 100 (không rõ ràng)"
pri-x-min,"X Minimum:","X Minimum:","X الحد الأدنى:","X Мінімальныя:","X Минимум:","X mínima:",X最低：,X最低：,"X Minimum:","X Minimum:","X Minimum:","X Minimum:","X Minimum:","X Miinimum:","X Minimum:","X Minimi:","X minimum:","X Minimum:","X Ελάχιστη:","X מינימאלי:","एक्स न्यूनतम:","X Minimum:","X minima:",X最小：,"X 최소 :","X Minimālā:","X Minimalus:","X Minimum:","X Minimum:","X حداقل:","X Minimum:","X mínima:","X mínima:","X minimă:","X Минимальные:","Кс Минимални:","X Minimum:","X Minimum:","X mínima:","X mínima:","X Kima cha chini:","X Minst:","X ขั้นต่ำ:","X Minimum:","X Мінімальні:","X tối thiểu:"
sec-x-min,"The lowest X data point","Die laagste punt X ​​data","أدنى نقطة البيانات X","Самая нізкая кропка дадзеных X","Най-ниската точка X данни","El punt més baix de dades X",X数据最低点,X數據最低點,"Najniži X podaci ukazuju","Nejnižší X datový bod","Den laveste X datapunkt","De laagste X datapunt","The lowest X data point","Madalaim X andmepunkti","Ang pinakamababang X data ng punto","Alin X datapisteessä","Le point le plus bas des données X","Die niedrigste X Datenpunkt","Το χαμηλότερο σημείο X δεδομένων","נקודת נתונים הנמוכה ביותר X","सबसे कम एक्स डेटा बिंदु","A legalacsonyabb X adatpont","Il punto più basso di dati X",最低のXデータポイント,"낮은 X 데이터 포인트","Zemākais X datu punkts","Mažiausia X duomenys rodo","Terendah X titik data","Den laveste X datapunkt","پایین ترین نقطه داده در X","Najniższa X punkt danych","O ponto mais baixo de dados X","O ponto mais baixo de dados X","Cel mai mic punct de date X","Самая низкая точка данных X","Кс најнижа тачка података","Najnižší X dátový bod","Najnižja podatki kažejo X","El punto más bajo de datos X","El punto más bajo de datos X","Chini X data point","Den lägsta X datapunkt","จุดต่ำสุด X ข้อมูล","En düşük X veri noktası","Найнижча точка даних X","Thấp nhất điểm dữ liệu X"
pri-x-max,"X Maximum:","X Maksimum:","X القصوى:","X Максімум:","X Максимум:","X màxima:",乘以最大：,乘以最大：,"Maksimalna X:","X Maximum:","X Maksimum:","X Maximum:","X Maximum:","X Maksimaalselt:","X Maximum:","X Maksimi:","X maximum:","X Maximum:","X Μέγιστη:","X מרבי:","एक्स अधिकतम:","X Maximum:","X Massimo:",X最大：,"X 최대 :","X Maksimālais:","X Daugiausia:","X maksimum:","X Maximum:","X حداکثر:","X Maksymalna:","X máximo:","X máximo:","X maximă:","X Максимум:","Максимална Кс:","X Maximum:","X Največ:","X máxima:","X máxima:","X Upeo:","X Maximum:","X สูงสุด:","X Maksimum:","X Максимум:","X tối đa:"
sec-x-max,"The highest X data point","Die hoogste X data punt","أعلى نقطة البيانات X","Самая высокая кропка дадзеных X","Най-високата точка X данни","El major punt de dades X",X数据最高点,X數據最高點,"Najviša točka X podataka","Nejvyšší X datový bod","Det højeste X datapunkt","De hoogste X datapunt","The highest X data point","Kõrgeim X andmepunkti","Ang pinakamataas na X data ng punto","Korkein X datapisteessä","Le point culminant de données X","Die höchste X Datenpunkt","Το υψηλότερο σημείο X δεδομένων","נקודת נתונים X הגבוהה ביותר","उच्चतम एक्स डेटा बिंदु","A legmagasabb X adatpont","Il punto più alto di dati X",最高のXデータポイント,"높은 X 데이터 포인트","Augstākais X datu punkts","Aukščiausios X duomenys rodo","The X tertinggi titik data","Den høyeste X datapunkt","بالاترین نقطه X اطلاعات","Najwyższy punkt danych X","O ponto de dados X maior","O ponto de dados X maior","Cel mai înalt punct de date X","Самая высокая точка данных X","Највиша тачка података Кс","Najvyšší X dátový bod","Najvišja X podatki kažejo","El mayor punto de datos X","El mayor punto de datos X","Juu X data point","Den högsta X datapunkt","X จุดที่สูงที่สุดข้อมูล","En yüksek X veri noktası","Найвища точка даних X","Các điểm dữ liệu X cao nhất"
pri-y-min,"Y Minimum:","Y Minimum:","Y الحد الأدنى:","Y Мінімальныя:","Y Минимум:","I mínima:",Y最小：,Y最小：,"Y Minimalna:","Y Minimum:","Y Minimum:","Y Minimum:","Y Minimum:","Y Miinimum:","Y Minimum:","Y Minimi:","Y minimum:","Y Minimum:","Y Ελάχιστη:","מינימום Y:","वाई न्यूनतम:","Y Minimum:","Y minima:",Y最小：,"Y 최소 :","Y Minimālais:","Metai Minimalus:","Y Minimum:","Y Minimum:","Y حداقل:","Minimum Y:","Y mínima:","Y mínima:","Y minimă:","Y Минимальные:","И Минимални:","Y Minimum:","Y Minimum:","Y mínima:","Y mínima:","Y Kima cha chini:","Y Minst:","ขั้นต่ำ Y:","Y Minimum:","Y Мінімальні:","Y tối thiểu:"
sec-y-min,"The lowest Y data point","Die laagste punt Y data","أدنى نقطة البيانات Y","Самая нізкая кропка дадзеных Y","Най-ниската точка Y данни","El punt més baix de dades I",最低的Y数据点,最低的Y數據點,"Najniži Y podaci ukazuju","Nejnižší Y datového bodu","Den laveste Y datapunkt","De laagste Y datapunt","The lowest Y data point","Madalaim Y andmepunkti","Ang pinakamababang Y data ng punto","Alin Y datapisteessä","Le point le plus bas de données Y","Die niedrigste Y Datenpunkt","Το χαμηλότερο σημείο Y δεδομένων","נקודת נתונים Y הנמוכה ביותר","सबसे कम वाई डेटा बिंदु","A legalacsonyabb Y adatpont","Il punto più basso di dati Y",最小のYデータポイント,"낮은 Y 데이터 포인트","Zemākais Y datu punkts","Mažiausia Metai duomenys rodo","The Y terendah titik data","Den laveste Y datapunkt","پایین ترین نقطه Y اطلاعات","Dane Y Najniższy punkt","O ponto mais baixo de dados Y","O ponto mais baixo de dados Y","Cel mai mic punct de date Y","Самая низкая точка данных Y","Најнижа тачка података И","Najnižšia Y dátového bodu","Najnižja točka Y podatki","El punto más bajo de datos Y","El punto más bajo de datos Y","Chini Y data point","Den lägsta Y datapunkt","Y จุดต่ำสุดข้อมูล","En düşük Y veri noktası","Найнижча точка даних Y","Thấp nhất điểm dữ liệu Y"
pri-y-max,"Y Maximum:","Y Maksimum:","Y القصوى:","Y Максімум:","Y Максимум:","I Màxim:",Y最大：,Y最大：,"Y Maksimalna:","Y Maximum:","Y Maksimum:","Y Maximum:","Y Maximum:","Y Maksimum:","Y Maximum:","Y Maksimi:","Y maximale:","Y Maximum:","Y Μέγιστη:","Y המרבי:","वाई अधिकतम:","Y Maximum:","Si Massima:",Y最大：,"Y 최대 :","Jā Maksimālais:","Metai Daugiausia:","Y maksimum:","Y Maximum:","حداکثر Y:","Y Maksymalna:","Y máximo:","Y máximo:","Y maximă:","Y Максимум:","Максимална И:","Y Maximum:","Y Največ:","Y Máximo:","Y Máximo:","Y Upeo:","Y Maximum:","สูงสุด Y:","Y Maksimum:","Y Максимум:","Y tối đa:"
sec-y-max,"The highest Y data point","Die hoogste Y data punt","أعلى نقطة البيانات Y","Самая высокая кропка дадзеных Y","Най-високата точка Y данни","El major punt de dades I",Y数据最高点,Y數據最高點,"Najviša točka Y podataka","Nejvyšší Y datového bodu","Den højeste Y datapunkt","De hoogste Y datapunt","The highest Y data point","Kõrgeim Y andmepunkti","Ang pinakamataas Y data ng punto","Korkein Y datapisteessä","Le point culminant de données Y","Die höchste Y Datenpunkt","Το υψηλότερο σημείο Y δεδομένων","נקודת נתונים Y הגבוהה ביותר","उच्चतम वाई डेटा बिंदु","A legmagasabb Y adatpont","Il punto più alto di dati Y",最高Yデータポイント,"높은 Y 데이터 포인트","Augstākais Y datu punkts","Aukščiausios Metai duomenys rodo","The Y tertinggi titik data","Den høyeste Y datapunkt","بالاترین نقطه Y اطلاعات","Najwyższy punkt danych Y","O ponto mais alto de dados Y","O ponto mais alto de dados Y","Cel mai înalt punct de date Y","Самая высокая точка данных Y","Највиша тачка података И","Najvyššia Y dátového bodu","Najvišja Y podatki kažejo","El mayor punto de datos Y","El mayor punto de datos Y","Juu Y data point","Den högsta Y datapunkt","Y จุดที่สูงที่สุดข้อมูล","En yüksek Y veri noktası","Найвища точка даних Y","Các điểm dữ liệu Y cao nhất"
pri-size-x,"Horizontal Resolution:","Horisontale resolusie:","أفقي القرار:","Дазвол па гарызанталі:","Хоризонтална резолюция:","Resolució horitzontal:",水平分辨率：,水平分辨率：,"Horizontalna rezolucija:","Horizontální rozlišení:","Vandret opløsning:","Horizontale resolutie:","Horizontal Resolution:","Horisontaalne resolutsioon:","Pahalang na Resolution:",Vaakaresoluutio:,"Résolution horizontale:","Horizontale Auflösung:","Οριζόντια ανάλυση:","רזולוציה אופקית:","क्षैतिज संकल्प:","Vízszintes felbontás:","Risoluzione orizzontale:",水平解像度：,"수평 한 해결책 :","Horizontālā izšķirtspēja:","Horizontali raiška:","Resolusi Mendatar:","Horisontal oppløsning:","تفکیکپذیری افقی:","Rozdzielczość pozioma:","Resolução Horizontal:","Resolução Horizontal:","Rezolutie orizontala:","Разрешение по горизонтали:","Хоризонтална резолуција:","Horizontálne rozlíšenie:","Horizontalna resolucija:","Resolución horizontal:","Resolución horizontal:","Usawa Azimio:","Horisontell upplösning:",ความละเอียดแนวนอน:,"Yatay Çözünürlük:","Дозвіл по горизонталі:","Độ phân giải ngang:"
sec-size-x,"Number of pixels in the x dimension","Aantal pixels in die x dimensie","عدد وحدات البكسل في X البعد","Колькасць пікселяў ў вымярэнні х","Брой пиксели в измерение х","Nombre de píxels en la dimensió x",的像素数在x维度,的像素數在x維度,"Broj piksela u dimenzijom x","Počet pixelů v rozmezí X","Antallet af pixels i x dimension","Aantal pixels in de x dimensie","Number of pixels in the x dimension","Pikslite arv x mõõde","Bilang ng mga pixels sa sukat x","Kuvapisteiden määrä x ulottuvuus","Nombre de pixels dans la dimension x","Anzahl der Pixel in der x-Richtung","Αριθμό των pixels στη διάσταση x","מספר הפיקסלים בממד X","एक्स आयाम में पिक्सेल की संख्या","Képpontok száma az x dimenzió","Numero di pixel nella dimensione x",x次元の画素数,"X 치수의 픽셀 수","Pikseļu skaits ar x dimensijā","Taškų pikselių x dimensiją","Bilangan piksel dalam dimensi x","Antall piksler i x dimensjon","تعداد پیکسل در بعد X","Liczba pikseli w wymiarze x","Número de pixels na dimensão x","Número de pixels na dimensão x","Numărul de pixeli în dimensiune x","Количество пикселей в измерении х","Број пиксела у димензији к","Počet pixelov v rozmedzí X","Število točk v x razsežnosti","Número de píxeles en la dimensión x","Número de píxeles en la dimensión x","Idadi ya saizi katika mwelekeo x","Antal bildpunkter i x-dimensionen","จำนวนของพิกเซลในมิติ x","X boyutta piksel sayısı","Кількість пікселів у вимірі х","Số lượng điểm ảnh trong chiều x"
pri-size-y,"Vertical Resolution:","Vertikale resolusie:","الدقة الرأسية:","Дазвол па вертыкалі:","Разрешение по вертикала:","Resolució vertical:",垂直分辨率：,垂直分辨率：,"Okomita razlučivost:","Vertikální rozlišení:","Lodret Opløsning:","Verticale resolutie:","Vertical Resolution:","Vertikaalne resolutsioon:","Vertical Resolution:","Vertical Resolution:","Résolution verticale:","Vertikale Auflösung:","Κάθετη ανάλυση:","רזולוציה אנכית:","कार्यक्षेत्र संकल्प:","Függőleges felbontás:","Risoluzione verticale:",垂直解像度：,"수직 해상도 :","Vertikālā izšķirtspēja:","Vertikali raiška:","Resolusi Menegak:","Vertikal oppløsning:","رزولوشن عمودی:","Rozdzielczość pionowa:","Resolução Vertical:","Resolução Vertical:","Rezoluție verticală:","Разрешение по вертикали:","Вертикална резолуција:","Vertikálne rozlíšenie:","Vertikalna resolucija:","Resolución vertical:","Resolución vertical:","Wima Azimio:","Vertikal upplösning:",ความละเอียดแนวตั้ง:,"Dikey Çözünürlük:","Дозвіл по вертикалі:","Độ phân giải theo chiều dọc:"
sec-size-y,"Number of pixels in the y dimension","Aantal pixels in die y dimensie","عدد وحدات البكسل في البعد Y","Колькасць пікселяў ў вымярэнні ў","Брой пиксели в измерението Y","Nombre de píxels en la dimensió i",的y维度中的像素数,的y維度中的像素數,"Broj piksela u dimenzijom y","Počet pixelů v dimenzi y","Antallet af pixels i y dimension","Aantal pixels in de y dimensie","Number of pixels in the y dimension","Pikslite arv y mõõde","Bilang ng mga pixels sa sukat y","Pikseleiden y ulottuvuus","Nombre de pixels dans la dimension y","Anzahl der Pixel in der y-Richtung","Αριθμό των pixels στη διάσταση y","מספר הפיקסלים בממד Y","वाई आयाम में पिक्सेल की संख्या","Képpontok száma az y dimenzióban","Numero di pixel nella dimensione y",y次元における画素数,"Y 치수의 픽셀 수","Pikseļu skaits ir y dimensijā","Taškų skaičius y dimensiją","Bilangan piksel dalam dimensi y","Antall piksler i y dimensjon","تعداد پیکسل در بعد Y","Liczba pikseli w wymiarze r","Número de pixels na dimensão y","Número de pixels na dimensão y","Numărul de pixeli în dimensiune y","Количество пикселей в измерении у","Број пиксела у и димензији","Počet pixelov v dimenzii y","Število točk v smeri y dimenziji","Número de píxeles en la dimensión y","Número de píxeles en la dimensión y","Idadi ya saizi katika mwelekeo y","Antal bildpunkter i y dimensionen","จำนวนของพิกเซลในมิติ y","Y boyutu piksel sayısı","Кількість пікселів у вимірі у","Số lượng điểm ảnh trong các kích thước y"
pri-grid-x,"Vertical Grid Points:","Vertikale Grid punte:","عمودي نقاط الشبكة:","Вертыкальныя кропкамі сеткі:","Вертикални Точки Грид:","Vertical Grid Points:",垂直网格点：,垂直網格點：,"Vertikalni Grid Bodovi:","Vertikální Grid Body:","Lodrette Grid Points:","Verticale Grid Punten:","Vertical Grid Points:","Vertikaalne Grid Punkte:","Vertical Grid Mga puntos:",Pystyristikkopisteiden:,"Verticales points de la grille:","Vertical Grid Punkte:","Κάθετη Πλέγμα Σημεία:","נקודות רשת אנכיות:","कार्यक्षेत्र ग्रिड अंक:","Függőleges rács Pontok:","Punti griglia verticale:",垂直グリッドポイント：,"수직 그리드 포인트 :","Vertikālie Grid Punkti:","Vertikalios Grid Taškai:","Tempat Grid Menegak:","Vertikale Grid Poeng:","عمودی مشبک امتیاز:","Pionowe punktów siatki:","Verticais pontos de grade:","Verticais pontos de grade:","Verticale Grid Puncte:","Вертикальные точками сетки:","Вертикалне мрежне тачке:","Vertikálne Grid Body:","Vertikalne Grid Točke:","Vertical Grid Points:","Vertical Grid Points:","Wima Gridi Points:","Vertikalt rutnät Poäng:",ตะแกรงคะแนนแนวตั้ง:,"Dikey Izgara Puanlar:","Вертикальні точками сітки:","Dọc Điểm Grid:"
sec-grid-x,"Number of grid points along the X axis","Aantal rooster punte langs die X-as","عدد نقاط الشبكة على طول محور X","Колькасць вузлоў сеткі ўздоўж восі X","Брой на мрежата точки по оста X","Nombre de punts de la reixeta al llarg de l'eix X",沿X轴方向的网格点数,沿X軸方向的網格點數,"Broj mreže točaka uzduž osi X","Počet napájecích bodů podél osy X","Antallet af gitterpunkter langs X-aksen","Aantal van grid punten langs de X-as","Number of grid points along the X axis","Arv võre punkte piki X telge","Bilang ng mga puntos grid sa kahabaan ng X axis","Lukumäärä hilapisteiden X-akselia pitkin","Nombre de points de grille le long de l'axe X","Anzahl von Gitterpunkten entlang der X-Achse","Αριθμός των σημείων πλέγματος κατά μήκος του άξονα Χ","מספר הנקודות רשת לאורך ציר X","एक्स अक्ष के साथ ग्रिड अंक की संख्या","Száma rácspontok az X tengely mentén","Numero di punti della griglia lungo l'asse X",X軸に沿った格子点の数,"X 축을 따라 격자 점의 수","Skaits režģa punktiem pa X asi","Taškų tinklo taškuose X ašies","Bilangan titik grid sepanjang paksi X","Antall rutenettpunktene langs X-aksen","تعداد نقاط شبکه در امتداد محور X","Liczba punktów siatki wzdłuż osi X","Número de pontos de grade ao longo do eixo X","Número de pontos de grade ao longo do eixo X","Numărul de puncte de grila de-a lungul axei X","Количество узлов сетки вдоль оси X","Број тачака мреже дуж Кс осе","Počet napájacích bodov pozdĺž osi X","Število mrežnih točk vzdolž osi X","Número de puntos de la rejilla a lo largo del eje X","Número de puntos de la rejilla a lo largo del eje X","Idadi ya pointi gridi ya taifa pamoja mhimili X","Antal rutnätspunkter utmed X-axeln","จำนวนจุดตารางตามแนวแกน X","X ekseni boyunca ızgara noktalarının sayısı","Кількість вузлів сітки уздовж осі X","Số điểm lưới dọc theo trục X"
pri-grid-y,"Horizontal Grid Points:","Horisontale Grid punte:","أفقي نقاط الشبكة:","Гарызантальныя кропкамі сеткі:","Хоризонтални Точки Грид:","Horitzontals Grid Points:",水平网格点：,水平網格點：,"Horizontalne Grid Bodovi:","Horizontální Grid Body:","Vandrette Grid Points:","Horizontale Grid Punten:","Horizontal Grid Points:","Horisontaalsed Grid Punkte:","Pahalang Grid Mga puntos:","Vaakaristikkojuovan Pisteet:","Horizontaux points de la grille:","Horizontal Grid Punkte:","Οριζόντια Πλέγμα Σημεία:","נקודות רשת אופקיות:","क्षैतिज ग्रिड अंक:","Vízszintes rács Pontok:","Punti griglia orizzontale:",水平グリッドポイント：,"수평 그리드 포인트 :","Horizontālās Grid Punkti:","Horizontali Tinklelis Taškai:","Tempat Grid mendatar:","Horisontale Grid Poeng:","افقی مشبک امتیاز:","Poziome siatki punktów:","Horizontais pontos de grade:","Horizontais pontos de grade:","Grid orizontale Puncte:","Горизонтальные точками сетки:","Хоризонталне мрежне тачке:","Horizontálne Grid Body:","Horizontalni Grid Točke:","Horizontales Grid Points:","Horizontales Grid Points:","Usawa Gridi Points:","Horisontella Grid Poäng:",ตะแกรงคะแนนตามแนวนอน:,"Yatay Izgara Puanlar:","Горизонтальні точками сітки:","Ngang điểm Grid:"
sec-grid-y,"Number of grid points along the Y axis","Aantal rooster punte langs die Y-as","عدد نقاط الشبكة على طول المحور Y","Колькасць вузлоў сеткі ўздоўж восі Y.","Брой на мрежата точки по оста Y","Nombre de punts de la reixeta al llarg de l'eix Y",网格点沿Y轴数,網格點沿Y軸數,"Broj mreže točaka uzduž osi Y.","Počet napájecích bodů podél osy Y","Antal gitterpunkter langs Y-aksen","Aantal van grid punten langs de Y-as","Number of grid points along the Y axis","Arv võre punkte mööda Y","Bilang ng mga puntos grid sa kahabaan ng Y axis","Lukumäärä hilapisteiden Y-akselia pitkin","Nombre de points de grille le long de l'axe Y.","Anzahl von Gitterpunkten entlang der Y-Achse","Αριθμός των σημείων πλέγματος κατά μήκος του άξονα Υ","מספר הנקודות רשת לאורך ציר Y","वाई अक्ष के साथ ग्रिड अंक की संख्या","Száma rácspontok az Y tengely mentén","Numero di punti della griglia lungo l'asse Y",Y軸に沿った格子点の数,"Y 축을 따라 격자 점의 수","Skaits režģa punktiem pa Y asi","Taškų tinklo taškuose Y ašyje","Bilangan titik grid sepanjang paksi Y","Antall rutenettpunktene langs Y-aksen","تعداد نقاط شبکه در امتداد محور Y","Liczba punktów siatki wzdłuż osi Y","Número de pontos de grade ao longo do eixo Y","Número de pontos de grade ao longo do eixo Y","Numărul de puncte de grila de-a lungul axei Y","Количество узлов сетки вдоль оси Y.","Број тачака мреже дуж осе","Počet napájacích bodov pozdĺž osi Y","Število mrežnih točk vzdolž osi Y","Número de puntos de la rejilla a lo largo del eje Y","Número de puntos de la rejilla a lo largo del eje Y","Idadi ya pointi gridi ya taifa pamoja mhimili Y","Antal rutnätspunkter längs Y-axeln","จำนวนจุดตารางตามแนวแกน Y","Y ekseni boyunca ızgara noktalarının sayısı","Кількість вузлів сітки уздовж осі Y.","Số điểm lưới dọc theo trục Y"
sec-grid-color,"Which color the grid should be drawn with","Watter kleur die rooster moet opgestel word met","أي لون وينبغي وضع الشبكة مع","Які колер сеткі варта рабіць з","Кой цвят на мрежата трябва да бъде изготвен с","Quin color de la reixeta s'ha d'elaborar amb",哪种颜色的电网应绘制,哪種顏色的電網應繪製,"Koju boju mreža treba biti izvučeni s","Jaká barva mřížka by měla být provedena s","Hvilken farve gitteret bør udarbejdes med","Welke kleur het net moeten worden getrokken met","Which color the grid should be drawn with","Mis värvi võre tuleks tõmmata","Aling Kulay ng grid ang dapat iguguhit na may","Mikä väri sähköverkkoon tulisi voida tehdä","Quelle est la couleur de la grille doit être établi avec","Welche Farbe sollte das Gitter mit gezogen werden","Ποιο το χρώμα το δίκτυο θα πρέπει να γίνει με","איזה צבע צריכה להיות נמשכת את הרשת עם","कौन सा रंग ग्रिड के साथ तैयार किया जाना चाहिए","Milyen színű a rács kell levonni","Di che colore la griglia dovrebbe essere disegnata",どの色グリッドで描画されるべきである,"어느 색깔을 그리드로 그려야","Kura krāsa režģis jāizstrādā ar","Kokios spalvos tinklelis turėtų būti sudarytas su","Yang warna grid hendaklah dibuat dengan","Hvilken farge rutenettet bør trekkes med","کدام رنگ شبکه باید با کشیده","Który kolor siatki należy wyciągnąć z","Qual a cor da grade deve ser elaborado com","Qual a cor da grade deve ser elaborado com","Ce culoare grila ar trebui să fie elaborate cu","Какой цвет сетки следует делать с","Коју боју решетка треба нацртати","Aká farba mriežka by mala byť vykonaná s","Katera barva se mreža sestavi z","¿Qué color de la rejilla debe elaborarse con","¿Qué color de la rejilla debe elaborarse con","Ambayo Michezo gridi ya lazima inayotolewa na","Vilken färg gallret ska ritas med",ซึ่งสีตารางควรจะวาดด้วย,"Hangi renk ızgara ile çizilmelidir","Який колір сітки слід робити з","Mà màu lưới nên được rút ra với"
sec-origin-color,"Which color the origin should be drawn with","Watter kleur die oorsprong moet opgestel word met","اللون الذي يجب أن يوجه الأصل مع","Які колер паходжання варта рабіць з","Кой цвят на произход следва да бъдат изготвени с","Quin color l'origen s'ha d'elaborar amb",哪种颜色的起源应绘制,哪種顏色的起源應繪製,"Koju boju porijeklo treba biti izvučeni s","Jaká barva původ by měl být vypracován s","Hvilken farve oprindelsen bør udarbejdes med","Welke kleur de oorsprong moet worden getrokken met","Which color the origin should be drawn with","Milline värv päritolu tuleb tõmmata","Aling kulay ang pinagmulan dapat ay iguguhit na may","Mikä väri alkuperä olisi piirretään","Quelle est la couleur de l'origine devrait être établie avec","Welche Farbe sollte mit der Ursprung gezogen werden","Ποιο το χρώμα της προέλευσης θα πρέπει να γίνει με","איזה צבע צריך להיות נמשך עם מוצא","कौन सा रंग मूल के साथ तैयार किया जाना चाहिए","Milyen színű az eredetét fel kell hívni a","Di che colore l'origine dovrebbe essere disegnata",どの色起源はで描画されるべきである,"어느 색깔을 원점으로 그려되어야한다","Kura krāsa izcelsmi jāizstrādā ar","Kokios spalvos kilmė turi būti sudarytas su","Yang warna asal perlu dibuat dengan","Hvilken farge opprinnelsen bør trekkes med","کدام رنگ مبدا باید با کشیده","Który kolor pochodzenia powinny zostać sporządzone z","Qual a cor da origem deve ser elaborado com","Qual a cor da origem deve ser elaborado com","Ce culoare de origine ar trebui să fie elaborate cu","Какой цвет происхождения следует делать с","Коју боју порекло треба нацртати","Aká farba pôvod by mal byť vypracovaný s","Katera barva bi morala biti izvor sestavljen z","¿Qué color el origen debe elaborarse con","¿Qué color el origen debe elaborarse con","Ambayo rangi asili ya lazima inayotolewa na","Vilken färg ursprunget ska ritas med",ซึ่งสีที่มาควรจะวาดด้วย,"Hangi renk kökeni ile çizilmelidir","Який колір походження слід робити з","Mà màu sắc xuất xứ phải được rút ra với"
title-data,"Data Range",data-reeks,"نطاق البيانات","дыяпазон дадзеных","Data гама","Rang de dades",数据范围,數據範圍,"Podaci asortiman","rozsah dat",dataområdet,gegevensbereik,"Data Range","andmete ulatus","data hanay",Data-alue,"Plage de données",Datenbereich,"Δεδομένα φάσματος","טווח הנתונים","डेटा श्रेणी","adatok körét","intervallo di dati",データ範囲,"데이터 범위","datu diapazons","duomenų diapazonas","pelbagai data",dataområdet,"محدوده داده ها","Zakres danych","intervalo de dados","intervalo de dados","gama de date","диапазон данных","опсегу података","rozsah dát","obseg podatkov","rango de datos","rango de datos","Takwimu mbalimbali",dataområde,ช่วงข้อมูล,"veri aralığı","діапазон даних","phạm vi dữ liệu"
title-window,Window,venster,نافذة,акно,прозорец,Finestra,窗口,窗口,prozor,okno,vindue,venster,Window,aken,bintana,ikkuna,fenêtre,Fenster,παράθυρο,חלון,खिड़की,ablak,finestra,ウィンドウ,창,logs,langas,tingkap,vindu,پنجره,okno,janela,janela,fereastră,окно,прозор,okno,okno,ventana,ventana,dirisha,Fönster,หน้าต่าง,pencere,вікно,"cửa sổ"
title-grid,Grid,rooster,شبكة,сетка,мрежа,Quadrícula,格,格,rešetka,mřížka,Grid,rooster,Grid,võre,parilya,ruudukko,grille,Grid,πλέγμα,רשת,ग्रिड,rács,Griglia,グリッド,그리드,skala,tinklelis,grid,rutenett,توری,ruszt,grade,grade,grilă,сетка,решетка,mriežka,Mreža,cuadrícula,cuadrícula,"gridi ya taifa",Grid,ตะแกรง,ızgara,Сітка,lưới
title-origin,Origin,oorsprong,الأصل,паходжанне,произход,Origen,起源,起源,podrijetlo,původ,Origin,oorsprong,Origin,päritolu,pinagmulan,alkuperä,Origin,Origin,καταγωγή,מקור,मूल,eredet,Origin,起源,유래,izcelšanās,kilmė,asal,opprinnelse,منشاء,pochodzenie,origem,origem,origine,происхождение,порекло,pôvod,poreklo,origen,origen,asili,Ursprung,ที่มา,köken,походження,"nguồn gốc"
app-title,"Function Plotter","funksie grafiek","وظيفة الرسم البياني","графік функцыі","Функция графика","Gràfic de la funció",功能图,功能圖,"Funkcija graf","funkce graf",funktionsgraf,"functie grafiek","Function Plotter","funktsioon graafik","Ang function na graph","funktion kuvaajan","Fonction graphique",Funktionsgraph,"γραφικής παράστασης της συνάρτησης","גרף פונקציה","समारोह ग्राफ","funkció grafikon","grafico di una funzione",機能グラフ,"함수 그래프","funkcija grafiks","funkcija grafikas","graf fungsi",funksjonsgraf,"نمودار تابع","wykres funkcji","gráfico da função","gráfico da função","grafic funcție","График функции","Функција графикон","funkcia graf","funkcija graf","gráfico de la función","gráfico de la función","kazi graph","funktion graf",กราฟฟังก์ชั่น,"fonksiyon grafiği","Графік функції","chức năng đồ thị"
button-run,"Update Graph","Grafiek bywerk","تحديث الرسم البياني","абнаўленне графіка","Актуализация Graph","Actualització del gràfic",更新图,更新圖,"ažuriranje graf","Aktualizace Graf","opdatering Graph","update Graph","Update Graph","Uuenda graafik","I-update ang Graph","Update Graph","Mise à jour Graphique",Update-Graph,"Ενημέρωση Γράφημα","גרף עדכון","अद्यतन ग्राफ","frissíteni grafikon","aggiornamento Grafico",アップデートグラフ,"그래프 업데이트","Atjaunināt diagramma","Atnaujinti diagramoje","Update Graf","oppdatere grafen","به روز رسانی گراف","aktualizacja Wykres","atualização Gráfico","atualização Gráfico","Graficul actualizare","обновление графика","ажурирање графикона","aktualizácia Graf","posodobitev graf","actualización del gráfico","actualización del gráfico","Mwisho Grafu","uppdatera grafen",กราฟปรับปรุง,"güncelleme Grafik","оновлення графіка","cập nhật đồ thị"
title-examples,Examples,voorbeelde,أمثلة,прыклады,Примери,Exemples,示例,示例,Primjeri,Příklady,eksempler,Voorbeelden,Examples,Näited,"Mga halimbawa",esimerkkejä,Exemples,Beispiele,Παραδείγματα,דוגמאות,उदाहरण,Példák,Esempi,例,예,piemēri,pavyzdžiai,contoh,eksempler,"به عنوان مثال",Przykłady,Exemplos,Exemplos,exemple,Примеры,Примери,Príklady,Primeri,Ejemplos,Ejemplos,mifano,Exempel,ตัวอย่าง,Örnekler,приклади,"ví dụ"
